case,M,N,K,variant,case_status,cluster_tasks,cluster_workers,model_waves,model_task_utilization_percent,gflop,median_ms,tflops,nominal_peak_percent,rounds,calls_per_round,min_round_ms,max_round_ms,round_cv_percent,seed_checks_passed,seed_checks_recorded,seed_checks_expected,post_timing_passed,fully_verified,complete_measurement,relative_original,relative_fenced,cublas_throughput_percent
square128,4096,4096,4096,original,complete,128,74,2,86.48648648648648,137.438953472,0.0971127483745416,1415.2514038829327,62.900062394797004,5,150,0.09595093538363775,0.09813930784662564,0.8843670596472876,3,3,3,True,True,True,1.0,1.0001230209920535,95.09353741139523
square128,4096,4096,4096,fenced,complete,128,74,2,86.48648648648648,137.438953472,0.0971246952811877,1415.0773196672346,62.89232531854376,5,150,0.09618730838100116,0.09877546831965446,1.0309984159326624,3,3,3,True,True,True,0.9998769941402492,1.0,95.08184034906921
square128,4096,4096,4096,wide,complete,128,74,2,86.48648648648648,137.438953472,0.09820074796676635,1399.5713507040991,62.2031711424044,5,150,0.0967379216849804,0.09953770771622658,1.0483818982523445,3,3,3,True,True,True,0.9889206588060515,0.9890423168065602,94.0399636650749
square128,4096,4096,4096,full_late,complete,128,74,2,86.48648648648648,137.438953472,0.12840192114313442,1070.3808186700855,47.572480829781576,5,150,0.12597013493378958,0.12890816112359366,0.9787012149454447,3,3,3,True,True,True,0.7563184998321512,0.7564115428843091,71.921001558719
square128,4096,4096,4096,full_early,complete,128,74,2,86.48648648648648,137.438953472,0.12713493406772614,1081.047899854062,48.0465733268472,5,150,0.12704960028330484,0.12742549379666646,0.14020021790217085,3,3,3,True,True,True,0.7638557339622216,0.7639497042523995,72.6377438144453
square128,4096,4096,4096,cublas,complete,128,74,2,86.48648648648648,137.438953472,0.09234794770677884,1488.272959875547,66.14546488335765,5,150,0.09087680121262869,0.09266389434536298,0.7713212575967752,3,3,3,True,True,True,1.0515961728017156,1.0517255412061335,100.0
rect128,2048,8192,4096,original,complete,128,74,2,86.48648648648648,137.438953472,0.09767808159192404,1407.0603274764087,62.536014554507055,5,150,0.09611456195513407,0.10034602786103884,1.6928857737915037,3,3,3,True,True,True,1.0,0.9938519110398581,94.75981954245816
rect128,2048,8192,4096,fenced,complete,128,74,2,86.48648648648648,137.438953472,0.09707754805684089,1415.7645740241262,62.922869956627835,5,150,0.09625749463836351,0.10176533415913581,2.23368075558119,3,3,3,True,True,True,1.006186121787208,1.0,95.34601532668164
rect128,2048,8192,4096,wide,complete,128,74,2,86.48648648648648,137.438953472,0.09981738706429799,1376.9039394255817,61.19573064113697,5,150,0.09949034680922826,0.10094016060233116,0.565437495510926,3,3,3,True,True,True,0.9785678073200222,0.9725514853870878,92.72890883170427
rect128,2048,8192,4096,full_late,complete,128,74,2,86.48648648648648,137.438953472,0.12917482763528823,1063.9762869283222,47.287834974592094,5,150,0.12796864191691082,0.13101162801186245,0.8856835106945097,3,3,3,True,True,True,0.7561696297958919,0.7515206316429491,71.6544976629461
rect128,2048,8192,4096,full_early,complete,128,74,2,86.48648648648648,137.438953472,0.12925440162420274,1063.3212621384703,47.25872276170979,5,150,0.1284004282951355,0.13043050825595856,0.6406326079259839,3,3,3,True,True,True,0.755704102641824,0.7510579665912378,71.61038439383451
rect128,2048,8192,4096,cublas,complete,128,74,2,86.48648648648648,137.438953472,0.09255957384904226,1484.8702058217407,65.99423136985514,5,150,0.09128042752544085,0.09321472083528837,0.855942407945271,3,3,3,True,True,True,1.0552996035961626,1.048811527753651,100.0
rect144,2048,9216,4096,original,complete,144,74,2,97.29729729729729,154.618822656,0.10020906696716944,1542.9624018618626,68.57610674941613,5,150,0.09878314668933551,0.10277311891317367,1.575473618919981,3,3,3,True,True,True,1.0,1.0017967588251555,95.51976836050936
rect144,2048,9216,4096,fenced,complete,144,74,2,97.29729729729729,154.618822656,0.1003891184926033,1540.195042826204,68.45311301449796,5,150,0.09946986675262451,0.10108991950750351,0.5764078762571534,3,3,3,True,True,True,0.9982064637269713,1.0,95.3484501911635
rect144,2048,9216,4096,wide,complete,144,74,2,97.29729729729729,154.618822656,0.10273535892367364,1505.0205136371087,66.88980060609371,5,150,0.10050282542904218,0.10379583900173506,1.4139396389049559,3,3,3,True,True,True,0.9754097130435775,0.977162289053631,93.17090984651342
rect144,2048,9216,4096,full_late,complete,144,74,2,97.29729729729729,154.618822656,0.13182613422473272,1172.8996193760115,52.12887197226718,5,150,0.13134314795335134,0.1322809605797132,0.28521153247436054,3,3,3,True,True,True,0.7601608554820884,0.7615266812077137,72.61038883237573
rect144,2048,9216,4096,full_early,complete,144,74,2,97.29729729729729,154.618822656,0.13012629499038061,1188.2212020824074,52.80983120366255,5,150,0.12997205505768458,0.1327611748377482,0.9217696820786423,3,3,3,True,True,True,0.7700908334827887,0.7714745009840203,73.55889803082756
rect144,2048,9216,4096,cublas,complete,144,74,2,97.29729729729729,154.618822656,0.09571946864326795,1615.3330649195418,71.79258066309075,5,150,0.09513813510537147,0.09590464154879252,0.3711093440764312,3,3,3,True,True,True,1.0469037113090707,1.0487847447914533,100.0
aligned148,2048,9472,4096,original,complete,148,74,2,100.0,158.913789952,0.10118037223815918,1570.5989851267539,69.80439933896683,5,150,0.10081386561195056,0.10540522540609042,1.8648413785795794,3,3,3,True,True,True,1.0,1.0011575347714867,97.89661664238504
aligned148,2048,9472,4096,fenced,complete,148,74,2,100.0,158.913789952,0.10129749203721682,1568.783064181045,69.72369174137978,5,150,0.10068117211262385,0.10375573153297106,1.1666682822685024,3,3,3,True,True,True,0.9988438035660883,1.0,97.78342892333109
aligned148,2048,9472,4096,wide,complete,148,74,2,100.0,158.913789952,0.1028804248571396,1544.645545279082,68.65091312351475,5,150,0.1021896510819594,0.10427754531304041,0.7376903398091702,3,3,3,True,True,True,0.9834754510263627,0.9846138580578293,96.27891920632456
aligned148,2048,9472,4096,full_late,complete,148,74,2,100.0,158.913789952,0.13376789301633835,1187.9815579706435,52.79918035425082,5,150,0.1327185066541036,0.13493781199057897,0.5921597417704577,3,3,3,True,True,True,0.756387575199387,0.7572631201184008,74.04778448235757
aligned148,2048,9472,4096,full_early,complete,148,74,2,100.0,158.913789952,0.13234794676303863,1200.7272786522785,53.36565682899016,5,150,0.13136576066414515,0.133926187256972,0.8105512539897727,3,3,3,True,True,True,0.764502772523678,0.7653877110657723,74.842234843791
aligned148,2048,9472,4096,cublas,complete,148,74,2,100.0,158.913789952,0.09905216112732887,1604.3445003458394,71.30420001537064,5,150,0.09650368159015973,0.09938858697811763,1.2938102546833359,3,3,3,True,True,True,1.0214857615079649,1.022668166795489,100.0
tail152,2048,9728,4096,original,complete,152,74,3,68.46846846846847,163.208757248,0.13705962508916855,1190.7865437529053,52.92384638901802,5,150,0.13589077214399972,0.1375310914715131,0.47086414851713976,3,3,3,True,True,True,1.0,1.002898204414297,77.52133586443719
tail152,2048,9728,4096,fenced,complete,152,74,3,68.46846846846847,163.208757248,0.13745685189962387,1187.3453741482538,52.77090551770017,5,150,0.13590101192394893,0.1377341858545939,0.5492084207677972,3,3,3,True,True,True,0.9971101709011538,1.0,77.29731245227471
tail152,2048,9728,4096,wide,complete,152,74,3,68.46846846846847,163.208757248,0.1425777060786883,1144.700400481443,50.8755733547308,5,150,0.1410905588666598,0.14262762675682703,0.4740275769079401,3,3,3,True,True,True,0.9612977292082794,0.9640837665305244,74.5210841316758
tail152,2048,9728,4096,full_late,complete,152,74,3,68.46846846846847,163.208757248,0.18499007870753606,882.2568128425324,39.211413904112554,5,150,0.18388949284950892,0.18646421233812968,0.5465615882947681,3,3,3,True,True,True,0.74090257189336,0.7430498589977853,57.43575711857047
tail152,2048,9728,4096,full_early,complete,152,74,3,68.46846846846847,163.208757248,0.18306047846873602,891.5564878514922,39.62473279339965,5,150,0.1824036251505216,0.18479978591203688,0.4875562571380926,3,3,3,True,True,True,0.7487122629397928,0.7508821841252831,58.041174801178485
tail152,2048,9728,4096,cublas,complete,152,74,3,68.46846846846847,163.208757248,0.10625045229991277,1536.0758821742352,68.27003920774378,5,150,0.10587989211082459,0.1084343456228574,1.0618047246211075,3,3,3,True,True,True,1.2899674507012058,1.2937060400611275,100.0
aligned296,4096,9472,4096,original,complete,296,74,4,100.0,317.827579904,0.20203733334938684,1573.1131204071824,69.91613868476367,5,150,0.193712428410848,0.2060264520843824,2.5526120448537544,3,3,3,True,True,True,1.0,0.9655657105435209,97.26286876749533
aligned296,4096,9472,4096,fenced,complete,296,74,4,100.0,317.827579904,0.1950803213318189,1629.213944974983,72.4095086655548,5,150,0.19303466796875,0.20407168010870616,2.29945761896522,3,3,3,True,True,True,1.0356622952539354,1.0,100.73148591072653
aligned296,4096,9472,4096,wide,complete,296,74,4,100.0,317.827579904,0.19849813371896743,1601.1615522490429,71.16273565551302,5,150,0.1937593616048495,0.20606421252091725,2.5009295103223903,3,3,3,True,True,True,1.0178298886952266,0.9827816396904394,98.99705489179821
aligned296,4096,9472,4096,full_late,complete,296,74,4,100.0,317.827579904,0.2439976539214452,1302.584573236611,57.89264769940493,5,150,0.2425796276330948,0.2524701863527298,1.6378286724178464,3,3,3,True,True,True,0.8280298195589723,0.7995172010736825,80.53655567533717
aligned296,4096,9472,4096,full_early,complete,296,74,4,100.0,317.827579904,0.2442801069219907,1301.078437817682,57.82570834745253,5,150,0.24297045350074767,0.24487168004115423,0.31309241492998585,3,3,3,True,True,True,0.827072396091206,0.7985927458027376,80.44343392223688
aligned296,4096,9472,4096,cublas,complete,296,74,4,100.0,317.827579904,0.1965073063969612,1617.3830160898021,71.8836896039912,5,150,0.18983616014321644,0.1994114132722219,2.106153633919735,3,3,3,True,True,True,1.028141584421571,0.9927382595013557,100.0
aligned148_k8192,2048,9472,8192,original,complete,148,74,2,100.0,317.827579904,0.19630080024401347,1619.0844841636997,71.95931040727555,5,150,0.19092458754777908,0.20356437196334204,2.8413511329939283,3,3,3,True,True,True,1.0,0.9825639022799627,98.61458899888488
aligned148_k8192,2048,9472,8192,fenced,complete,148,74,2,100.0,317.827579904,0.19287808030843734,1647.815964342615,73.236265081894,5,150,0.18987413426240285,0.19476629396279652,1.0697729199298363,3,3,3,True,True,True,1.0177455101694437,1.0,100.3645551908201
aligned148_k8192,2048,9472,8192,wide,complete,148,74,2,100.0,317.827579904,0.1918775475025177,1656.408391918964,73.61815075195396,5,150,0.19162048081556957,0.20418175886074702,2.8035541455666477,3,3,3,True,True,True,1.023052476952457,1.0052144339915878,100.88789953895771
aligned148_k8192,2048,9472,8192,full_late,complete,148,74,2,100.0,317.827579904,0.2446562120318413,1299.0783159130888,57.73681404058172,5,150,0.2438250669836998,0.2503001597523689,1.1289527733099403,3,3,3,True,True,True,0.8023536317094024,0.7883637153808906,79.12377362278538
aligned148_k8192,2048,9472,8192,full_early,complete,148,74,2,100.0,317.827579904,0.24648234496514002,1289.453733284428,57.309054812641236,5,150,0.24387050598859786,0.24748245239257813,0.6969038348436908,3,3,3,True,True,True,0.7964091719095592,0.7825229037630101,78.53756316280345
aligned148_k8192,2048,9472,8192,cublas,complete,148,74,2,100.0,317.827579904,0.1935812273621559,1641.8305857179082,72.97024825412926,5,150,0.1911722669005394,0.19905749301115672,1.7225434427071984,3,3,3,True,True,True,1.0140487428399745,0.9963676898669358,100.0
aligned148_k16384,2048,9472,16384,original,complete,148,74,2,100.0,635.655159808,0.3912906656662623,1624.508876861785,72.20039452719045,5,150,0.38591082632541657,0.39665216048558555,1.1154247545277576,3,3,3,True,True,True,1.0,0.9914713711348435,98.98035914602426
aligned148_k16384,2048,9472,16384,fenced,complete,148,74,2,100.0,635.655159808,0.3879534928003947,1638.4828893267622,72.82146174785609,5,150,0.38048021256923675,0.3936876791715622,1.3480022809469854,3,3,3,True,True,True,1.0086019920629625,1.0,99.83178740978754
aligned148_k16384,2048,9472,16384,wide,complete,148,74,2,100.0,635.655159808,0.3908793610334396,1626.2182739129578,72.27636772946478,5,150,0.3886267713705699,0.39385898629824323,0.5490473855520719,3,3,3,True,True,True,1.001052254669408,0.9925146515147045,99.08451169111535
aligned148_k16384,2048,9472,16384,full_late,complete,148,74,2,100.0,635.655159808,0.474927999774615,1338.4242666460195,59.48552296204531,5,150,0.4741864550113678,0.48170218686262767,0.6918498197688144,3,3,3,True,True,True,0.8238947079387946,0.816868015750818,81.54939409029065
aligned148_k16384,2048,9472,16384,full_early,complete,148,74,2,100.0,635.655159808,0.47903701225916545,1326.9437299014007,58.9752768845067,5,150,0.4729177576303482,0.48096533278624215,0.708031196131757,3,3,3,True,True,True,0.8168276263683959,0.8098612066962931,80.84989181833834
aligned148_k16384,2048,9472,16384,cublas,complete,148,74,2,100.0,635.655159808,0.38730090618133545,1641.2436678120869,72.94416301387052,5,150,0.3856904542446136,0.3889672525723775,0.35394691359599767,3,3,3,True,True,True,1.0103014462947288,1.0016849602173503,100.0
aligned592,8192,9472,8192,original,complete,592,74,8,100.0,1271.310319616,0.8559372774759928,1485.2844397253832,66.01264176557258,5,150,0.848647038936615,0.8616281580924988,0.5407582322732486,3,3,3,True,True,True,1.0,1.0065721995724894,100.16661670713383
aligned592,8192,9472,8192,fenced,complete,592,74,8,100.0,1271.310319616,0.8615626680850983,1475.586590168308,65.58162622970258,5,150,0.8548849042256673,0.8700138664245606,0.6892280809358136,3,3,3,True,True,True,0.9934707122099331,1.0,99.51260003969563
aligned592,8192,9472,8192,wide,complete,592,74,8,100.0,1271.310319616,0.8592817072073619,1479.5035306264322,65.75571247228588,5,150,0.8513828257719676,0.8757126386960348,1.0718325816543477,3,3,3,True,True,True,0.9961078774244615,1.002654497190624,99.77675595693269
aligned592,8192,9472,8192,full_late,complete,592,74,8,100.0,1271.310319616,0.9855138146877289,1289.9974619014638,57.333220528953944,5,150,0.9697395225365957,1.0004251738389334,1.1223050385710776,3,3,3,True,True,True,0.8685188017858543,0.8742268806836504,86.99658992142281
aligned592,8192,9472,8192,full_early,complete,592,74,8,100.0,1271.310319616,0.9796302954355876,1297.7450019047424,57.67755564021078,5,150,0.9581934936841329,0.9836960009733836,1.039237604335379,3,3,3,True,True,True,0.8737350013204774,0.879477362122625,87.51907898087534
aligned592,8192,9472,8192,cublas,complete,592,74,8,100.0,1271.310319616,0.8573634119828543,1482.813824158645,65.90283662927311,5,150,0.8481561573346456,0.860525229771932,0.5559750692218615,3,3,3,True,True,True,0.9983366044235977,1.004897871828391,100.0
