run_role,run_id,case,variant,M,N,K,cluster_tasks,logical_waves,model_slot_utilization_pct,median_ms,tflops,nominal_peak_pct,min_round_ms,max_round_ms,round_cv_pct,rounds,calls_per_round,seed_checks_passed,seed_checks_expected,postcheck_passed,postcheck_mismatches,postcheck_evidence,seeds,source_type,per_call_samples_available,reference_scope,initial_original_throughput_ratio,initial_fenced_throughput_ratio,initial_cublas_throughput_ratio,source_results,source_results_sha256
initial,20260918T092500Z,square128,original,4096,4096,4096,128,2,86.48648648648648,0.0971127483745416,1415.2514038829327,62.900062394797004,0.09595093538363775,0.09813930784662564,0.8843670596472876,5,150,3,3,True,0,saved per-variant post-timing record,"[0, 1, 2]",raw_results_json,True,same initial run,1.0,1.0001230209920535,0.9509353741139523,/Users/simida/csdiy/wmhpc-training-camp-x-lcpu-ai-infra-seminars/experiments/mlc_gemm_b300/tuning/runs/20260918T092500Z/artifacts/results.json,5efd34dbcbefb9814488a09b45ed731901c5cea8b0b8bb526c684d4ee002277b
initial,20260918T092500Z,square128,fenced,4096,4096,4096,128,2,86.48648648648648,0.0971246952811877,1415.0773196672346,62.89232531854376,0.09618730838100116,0.09877546831965446,1.0309984159326624,5,150,3,3,True,0,saved per-variant post-timing record,"[0, 1, 2]",raw_results_json,True,same initial run,0.9998769941402492,1.0,0.9508184034906921,/Users/simida/csdiy/wmhpc-training-camp-x-lcpu-ai-infra-seminars/experiments/mlc_gemm_b300/tuning/runs/20260918T092500Z/artifacts/results.json,5efd34dbcbefb9814488a09b45ed731901c5cea8b0b8bb526c684d4ee002277b
initial,20260918T092500Z,square128,wide,4096,4096,4096,128,2,86.48648648648648,0.09820074796676635,1399.5713507040991,62.2031711424044,0.0967379216849804,0.09953770771622658,1.0483818982523445,5,150,3,3,True,0,saved per-variant post-timing record,"[0, 1, 2]",raw_results_json,True,same initial run,0.9889206588060515,0.9890423168065602,0.9403996366507489,/Users/simida/csdiy/wmhpc-training-camp-x-lcpu-ai-infra-seminars/experiments/mlc_gemm_b300/tuning/runs/20260918T092500Z/artifacts/results.json,5efd34dbcbefb9814488a09b45ed731901c5cea8b0b8bb526c684d4ee002277b
initial,20260918T092500Z,square128,full_late,4096,4096,4096,128,2,86.48648648648648,0.12840192114313442,1070.3808186700855,47.572480829781576,0.12597013493378958,0.12890816112359366,0.9787012149454447,5,150,3,3,True,0,saved per-variant post-timing record,"[0, 1, 2]",raw_results_json,True,same initial run,0.7563184998321512,0.7564115428843091,0.71921001558719,/Users/simida/csdiy/wmhpc-training-camp-x-lcpu-ai-infra-seminars/experiments/mlc_gemm_b300/tuning/runs/20260918T092500Z/artifacts/results.json,5efd34dbcbefb9814488a09b45ed731901c5cea8b0b8bb526c684d4ee002277b
initial,20260918T092500Z,square128,full_early,4096,4096,4096,128,2,86.48648648648648,0.12713493406772614,1081.047899854062,48.0465733268472,0.12704960028330484,0.12742549379666646,0.14020021790217085,5,150,3,3,True,0,saved per-variant post-timing record,"[0, 1, 2]",raw_results_json,True,same initial run,0.7638557339622216,0.7639497042523995,0.726377438144453,/Users/simida/csdiy/wmhpc-training-camp-x-lcpu-ai-infra-seminars/experiments/mlc_gemm_b300/tuning/runs/20260918T092500Z/artifacts/results.json,5efd34dbcbefb9814488a09b45ed731901c5cea8b0b8bb526c684d4ee002277b
initial,20260918T092500Z,square128,cublas,4096,4096,4096,128,2,86.48648648648648,0.09234794770677884,1488.272959875547,66.14546488335765,0.09087680121262869,0.09266389434536298,0.771321257596775,5,150,3,3,True,0,saved per-variant post-timing record,"[0, 1, 2]",raw_results_json,True,same initial run,1.0515961728017156,1.0517255412061335,1.0,/Users/simida/csdiy/wmhpc-training-camp-x-lcpu-ai-infra-seminars/experiments/mlc_gemm_b300/tuning/runs/20260918T092500Z/artifacts/results.json,5efd34dbcbefb9814488a09b45ed731901c5cea8b0b8bb526c684d4ee002277b
initial,20260918T092500Z,rect128,original,2048,8192,4096,128,2,86.48648648648648,0.09767808159192404,1407.0603274764087,62.536014554507055,0.09611456195513407,0.10034602786103884,1.6928857737915037,5,150,3,3,True,0,saved per-variant post-timing record,"[0, 1, 2]",raw_results_json,True,same initial run,1.0,0.9938519110398581,0.9475981954245816,/Users/simida/csdiy/wmhpc-training-camp-x-lcpu-ai-infra-seminars/experiments/mlc_gemm_b300/tuning/runs/20260918T092500Z/artifacts/results.json,5efd34dbcbefb9814488a09b45ed731901c5cea8b0b8bb526c684d4ee002277b
initial,20260918T092500Z,rect128,fenced,2048,8192,4096,128,2,86.48648648648648,0.09707754805684089,1415.7645740241262,62.922869956627835,0.09625749463836351,0.10176533415913581,2.23368075558119,5,150,3,3,True,0,saved per-variant post-timing record,"[0, 1, 2]",raw_results_json,True,same initial run,1.006186121787208,1.0,0.9534601532668164,/Users/simida/csdiy/wmhpc-training-camp-x-lcpu-ai-infra-seminars/experiments/mlc_gemm_b300/tuning/runs/20260918T092500Z/artifacts/results.json,5efd34dbcbefb9814488a09b45ed731901c5cea8b0b8bb526c684d4ee002277b
initial,20260918T092500Z,rect128,wide,2048,8192,4096,128,2,86.48648648648648,0.09981738706429799,1376.9039394255817,61.19573064113697,0.09949034680922826,0.10094016060233116,0.565437495510926,5,150,3,3,True,0,saved per-variant post-timing record,"[0, 1, 2]",raw_results_json,True,same initial run,0.9785678073200222,0.9725514853870878,0.9272890883170427,/Users/simida/csdiy/wmhpc-training-camp-x-lcpu-ai-infra-seminars/experiments/mlc_gemm_b300/tuning/runs/20260918T092500Z/artifacts/results.json,5efd34dbcbefb9814488a09b45ed731901c5cea8b0b8bb526c684d4ee002277b
initial,20260918T092500Z,rect128,full_late,2048,8192,4096,128,2,86.48648648648648,0.12917482763528823,1063.9762869283222,47.287834974592094,0.12796864191691082,0.13101162801186245,0.8856835106945097,5,150,3,3,True,0,saved per-variant post-timing record,"[0, 1, 2]",raw_results_json,True,same initial run,0.7561696297958919,0.7515206316429491,0.716544976629461,/Users/simida/csdiy/wmhpc-training-camp-x-lcpu-ai-infra-seminars/experiments/mlc_gemm_b300/tuning/runs/20260918T092500Z/artifacts/results.json,5efd34dbcbefb9814488a09b45ed731901c5cea8b0b8bb526c684d4ee002277b
initial,20260918T092500Z,rect128,full_early,2048,8192,4096,128,2,86.48648648648648,0.12925440162420274,1063.3212621384703,47.25872276170979,0.1284004282951355,0.13043050825595856,0.6406326079259839,5,150,3,3,True,0,saved per-variant post-timing record,"[0, 1, 2]",raw_results_json,True,same initial run,0.755704102641824,0.7510579665912378,0.7161038439383451,/Users/simida/csdiy/wmhpc-training-camp-x-lcpu-ai-infra-seminars/experiments/mlc_gemm_b300/tuning/runs/20260918T092500Z/artifacts/results.json,5efd34dbcbefb9814488a09b45ed731901c5cea8b0b8bb526c684d4ee002277b
initial,20260918T092500Z,rect128,cublas,2048,8192,4096,128,2,86.48648648648648,0.09255957384904226,1484.8702058217407,65.99423136985514,0.09128042752544085,0.09321472083528837,0.855942407945271,5,150,3,3,True,0,saved per-variant post-timing record,"[0, 1, 2]",raw_results_json,True,same initial run,1.0552996035961626,1.048811527753651,1.0,/Users/simida/csdiy/wmhpc-training-camp-x-lcpu-ai-infra-seminars/experiments/mlc_gemm_b300/tuning/runs/20260918T092500Z/artifacts/results.json,5efd34dbcbefb9814488a09b45ed731901c5cea8b0b8bb526c684d4ee002277b
initial,20260918T092500Z,rect144,original,2048,9216,4096,144,2,97.29729729729729,0.10020906696716944,1542.9624018618626,68.57610674941613,0.09878314668933551,0.10277311891317367,1.575473618919981,5,150,3,3,True,0,saved per-variant post-timing record,"[0, 1, 2]",raw_results_json,True,same initial run,1.0,1.0017967588251555,0.9551976836050936,/Users/simida/csdiy/wmhpc-training-camp-x-lcpu-ai-infra-seminars/experiments/mlc_gemm_b300/tuning/runs/20260918T092500Z/artifacts/results.json,5efd34dbcbefb9814488a09b45ed731901c5cea8b0b8bb526c684d4ee002277b
initial,20260918T092500Z,rect144,fenced,2048,9216,4096,144,2,97.29729729729729,0.1003891184926033,1540.195042826204,68.45311301449796,0.09946986675262451,0.10108991950750351,0.5764078762571534,5,150,3,3,True,0,saved per-variant post-timing record,"[0, 1, 2]",raw_results_json,True,same initial run,0.9982064637269713,1.0,0.9534845019116349,/Users/simida/csdiy/wmhpc-training-camp-x-lcpu-ai-infra-seminars/experiments/mlc_gemm_b300/tuning/runs/20260918T092500Z/artifacts/results.json,5efd34dbcbefb9814488a09b45ed731901c5cea8b0b8bb526c684d4ee002277b
initial,20260918T092500Z,rect144,wide,2048,9216,4096,144,2,97.29729729729729,0.10273535892367364,1505.0205136371087,66.88980060609371,0.10050282542904218,0.10379583900173506,1.4139396389049559,5,150,3,3,True,0,saved per-variant post-timing record,"[0, 1, 2]",raw_results_json,True,same initial run,0.9754097130435775,0.977162289053631,0.9317090984651343,/Users/simida/csdiy/wmhpc-training-camp-x-lcpu-ai-infra-seminars/experiments/mlc_gemm_b300/tuning/runs/20260918T092500Z/artifacts/results.json,5efd34dbcbefb9814488a09b45ed731901c5cea8b0b8bb526c684d4ee002277b
initial,20260918T092500Z,rect144,full_late,2048,9216,4096,144,2,97.29729729729729,0.13182613422473272,1172.8996193760115,52.12887197226718,0.13134314795335134,0.1322809605797132,0.2852115324743606,5,150,3,3,True,0,saved per-variant post-timing record,"[0, 1, 2]",raw_results_json,True,same initial run,0.7601608554820884,0.7615266812077137,0.7261038883237573,/Users/simida/csdiy/wmhpc-training-camp-x-lcpu-ai-infra-seminars/experiments/mlc_gemm_b300/tuning/runs/20260918T092500Z/artifacts/results.json,5efd34dbcbefb9814488a09b45ed731901c5cea8b0b8bb526c684d4ee002277b
initial,20260918T092500Z,rect144,full_early,2048,9216,4096,144,2,97.29729729729729,0.13012629499038061,1188.2212020824074,52.80983120366255,0.12997205505768458,0.1327611748377482,0.9217696820786423,5,150,3,3,True,0,saved per-variant post-timing record,"[0, 1, 2]",raw_results_json,True,same initial run,0.7700908334827887,0.7714745009840203,0.7355889803082757,/Users/simida/csdiy/wmhpc-training-camp-x-lcpu-ai-infra-seminars/experiments/mlc_gemm_b300/tuning/runs/20260918T092500Z/artifacts/results.json,5efd34dbcbefb9814488a09b45ed731901c5cea8b0b8bb526c684d4ee002277b
initial,20260918T092500Z,rect144,cublas,2048,9216,4096,144,2,97.29729729729729,0.09571946864326795,1615.3330649195418,71.79258066309075,0.09513813510537147,0.09590464154879252,0.3711093440764312,5,150,3,3,True,0,saved per-variant post-timing record,"[0, 1, 2]",raw_results_json,True,same initial run,1.0469037113090707,1.0487847447914533,1.0,/Users/simida/csdiy/wmhpc-training-camp-x-lcpu-ai-infra-seminars/experiments/mlc_gemm_b300/tuning/runs/20260918T092500Z/artifacts/results.json,5efd34dbcbefb9814488a09b45ed731901c5cea8b0b8bb526c684d4ee002277b
initial,20260918T092500Z,aligned148,original,2048,9472,4096,148,2,100.0,0.10118037223815918,1570.5989851267539,69.80439933896683,0.10081386561195056,0.10540522540609042,1.8648413785795794,5,150,3,3,True,0,saved per-variant post-timing record,"[0, 1, 2]",raw_results_json,True,same initial run,1.0,1.0011575347714867,0.9789661664238504,/Users/simida/csdiy/wmhpc-training-camp-x-lcpu-ai-infra-seminars/experiments/mlc_gemm_b300/tuning/runs/20260918T092500Z/artifacts/results.json,5efd34dbcbefb9814488a09b45ed731901c5cea8b0b8bb526c684d4ee002277b
initial,20260918T092500Z,aligned148,fenced,2048,9472,4096,148,2,100.0,0.10129749203721682,1568.783064181045,69.72369174137978,0.10068117211262385,0.10375573153297106,1.1666682822685024,5,150,3,3,True,0,saved per-variant post-timing record,"[0, 1, 2]",raw_results_json,True,same initial run,0.9988438035660883,1.0,0.9778342892333108,/Users/simida/csdiy/wmhpc-training-camp-x-lcpu-ai-infra-seminars/experiments/mlc_gemm_b300/tuning/runs/20260918T092500Z/artifacts/results.json,5efd34dbcbefb9814488a09b45ed731901c5cea8b0b8bb526c684d4ee002277b
initial,20260918T092500Z,aligned148,wide,2048,9472,4096,148,2,100.0,0.1028804248571396,1544.645545279082,68.65091312351475,0.1021896510819594,0.10427754531304041,0.7376903398091702,5,150,3,3,True,0,saved per-variant post-timing record,"[0, 1, 2]",raw_results_json,True,same initial run,0.9834754510263627,0.9846138580578293,0.9627891920632455,/Users/simida/csdiy/wmhpc-training-camp-x-lcpu-ai-infra-seminars/experiments/mlc_gemm_b300/tuning/runs/20260918T092500Z/artifacts/results.json,5efd34dbcbefb9814488a09b45ed731901c5cea8b0b8bb526c684d4ee002277b
initial,20260918T092500Z,aligned148,full_late,2048,9472,4096,148,2,100.0,0.13376789301633835,1187.9815579706435,52.79918035425082,0.1327185066541036,0.13493781199057897,0.5921597417704577,5,150,3,3,True,0,saved per-variant post-timing record,"[0, 1, 2]",raw_results_json,True,same initial run,0.756387575199387,0.7572631201184008,0.7404778448235757,/Users/simida/csdiy/wmhpc-training-camp-x-lcpu-ai-infra-seminars/experiments/mlc_gemm_b300/tuning/runs/20260918T092500Z/artifacts/results.json,5efd34dbcbefb9814488a09b45ed731901c5cea8b0b8bb526c684d4ee002277b
initial,20260918T092500Z,aligned148,full_early,2048,9472,4096,148,2,100.0,0.13234794676303863,1200.7272786522785,53.36565682899016,0.13136576066414515,0.133926187256972,0.8105512539897727,5,150,3,3,True,0,saved per-variant post-timing record,"[0, 1, 2]",raw_results_json,True,same initial run,0.764502772523678,0.7653877110657723,0.7484223484379101,/Users/simida/csdiy/wmhpc-training-camp-x-lcpu-ai-infra-seminars/experiments/mlc_gemm_b300/tuning/runs/20260918T092500Z/artifacts/results.json,5efd34dbcbefb9814488a09b45ed731901c5cea8b0b8bb526c684d4ee002277b
initial,20260918T092500Z,aligned148,cublas,2048,9472,4096,148,2,100.0,0.09905216112732887,1604.3445003458394,71.30420001537064,0.09650368159015973,0.09938858697811763,1.2938102546833359,5,150,3,3,True,0,saved per-variant post-timing record,"[0, 1, 2]",raw_results_json,True,same initial run,1.0214857615079649,1.022668166795489,1.0,/Users/simida/csdiy/wmhpc-training-camp-x-lcpu-ai-infra-seminars/experiments/mlc_gemm_b300/tuning/runs/20260918T092500Z/artifacts/results.json,5efd34dbcbefb9814488a09b45ed731901c5cea8b0b8bb526c684d4ee002277b
initial,20260918T092500Z,tail152,original,2048,9728,4096,152,3,68.46846846846847,0.13705962508916855,1190.7865437529053,52.92384638901802,0.13589077214399972,0.1375310914715131,0.47086414851713976,5,150,3,3,True,0,saved per-variant post-timing record,"[0, 1, 2]",raw_results_json,True,same initial run,1.0,1.002898204414297,0.7752133586443719,/Users/simida/csdiy/wmhpc-training-camp-x-lcpu-ai-infra-seminars/experiments/mlc_gemm_b300/tuning/runs/20260918T092500Z/artifacts/results.json,5efd34dbcbefb9814488a09b45ed731901c5cea8b0b8bb526c684d4ee002277b
initial,20260918T092500Z,tail152,fenced,2048,9728,4096,152,3,68.46846846846847,0.13745685189962387,1187.3453741482538,52.77090551770017,0.13590101192394893,0.1377341858545939,0.5492084207677972,5,150,3,3,True,0,saved per-variant post-timing record,"[0, 1, 2]",raw_results_json,True,same initial run,0.9971101709011538,1.0,0.7729731245227471,/Users/simida/csdiy/wmhpc-training-camp-x-lcpu-ai-infra-seminars/experiments/mlc_gemm_b300/tuning/runs/20260918T092500Z/artifacts/results.json,5efd34dbcbefb9814488a09b45ed731901c5cea8b0b8bb526c684d4ee002277b
initial,20260918T092500Z,tail152,wide,2048,9728,4096,152,3,68.46846846846847,0.1425777060786883,1144.700400481443,50.8755733547308,0.1410905588666598,0.14262762675682703,0.4740275769079401,5,150,3,3,True,0,saved per-variant post-timing record,"[0, 1, 2]",raw_results_json,True,same initial run,0.9612977292082794,0.9640837665305244,0.7452108413167581,/Users/simida/csdiy/wmhpc-training-camp-x-lcpu-ai-infra-seminars/experiments/mlc_gemm_b300/tuning/runs/20260918T092500Z/artifacts/results.json,5efd34dbcbefb9814488a09b45ed731901c5cea8b0b8bb526c684d4ee002277b
initial,20260918T092500Z,tail152,full_late,2048,9728,4096,152,3,68.46846846846847,0.18499007870753606,882.2568128425324,39.211413904112554,0.18388949284950892,0.18646421233812968,0.5465615882947681,5,150,3,3,True,0,saved per-variant post-timing record,"[0, 1, 2]",raw_results_json,True,same initial run,0.74090257189336,0.7430498589977853,0.5743575711857047,/Users/simida/csdiy/wmhpc-training-camp-x-lcpu-ai-infra-seminars/experiments/mlc_gemm_b300/tuning/runs/20260918T092500Z/artifacts/results.json,5efd34dbcbefb9814488a09b45ed731901c5cea8b0b8bb526c684d4ee002277b
initial,20260918T092500Z,tail152,full_early,2048,9728,4096,152,3,68.46846846846847,0.18306047846873602,891.5564878514922,39.62473279339965,0.1824036251505216,0.18479978591203688,0.4875562571380926,5,150,3,3,True,0,saved per-variant post-timing record,"[0, 1, 2]",raw_results_json,True,same initial run,0.7487122629397928,0.7508821841252831,0.5804117480117849,/Users/simida/csdiy/wmhpc-training-camp-x-lcpu-ai-infra-seminars/experiments/mlc_gemm_b300/tuning/runs/20260918T092500Z/artifacts/results.json,5efd34dbcbefb9814488a09b45ed731901c5cea8b0b8bb526c684d4ee002277b
initial,20260918T092500Z,tail152,cublas,2048,9728,4096,152,3,68.46846846846847,0.10625045229991277,1536.0758821742352,68.27003920774378,0.10587989211082459,0.1084343456228574,1.0618047246211075,5,150,3,3,True,0,saved per-variant post-timing record,"[0, 1, 2]",raw_results_json,True,same initial run,1.2899674507012058,1.2937060400611275,1.0,/Users/simida/csdiy/wmhpc-training-camp-x-lcpu-ai-infra-seminars/experiments/mlc_gemm_b300/tuning/runs/20260918T092500Z/artifacts/results.json,5efd34dbcbefb9814488a09b45ed731901c5cea8b0b8bb526c684d4ee002277b
initial,20260918T092500Z,aligned296,original,4096,9472,4096,296,4,100.0,0.20203733334938684,1573.1131204071824,69.91613868476367,0.193712428410848,0.2060264520843824,2.552612044853754,5,150,3,3,True,0,saved per-variant post-timing record,"[0, 1, 2]",raw_results_json,True,same initial run,1.0,0.9655657105435209,0.9726286876749534,/Users/simida/csdiy/wmhpc-training-camp-x-lcpu-ai-infra-seminars/experiments/mlc_gemm_b300/tuning/runs/20260918T092500Z/artifacts/results.json,5efd34dbcbefb9814488a09b45ed731901c5cea8b0b8bb526c684d4ee002277b
initial,20260918T092500Z,aligned296,fenced,4096,9472,4096,296,4,100.0,0.1950803213318189,1629.213944974983,72.4095086655548,0.19303466796875,0.20407168010870616,2.29945761896522,5,150,3,3,True,0,saved per-variant post-timing record,"[0, 1, 2]",raw_results_json,True,same initial run,1.0356622952539354,1.0,1.0073148591072654,/Users/simida/csdiy/wmhpc-training-camp-x-lcpu-ai-infra-seminars/experiments/mlc_gemm_b300/tuning/runs/20260918T092500Z/artifacts/results.json,5efd34dbcbefb9814488a09b45ed731901c5cea8b0b8bb526c684d4ee002277b
initial,20260918T092500Z,aligned296,wide,4096,9472,4096,296,4,100.0,0.19849813371896743,1601.1615522490429,71.16273565551302,0.1937593616048495,0.20606421252091725,2.5009295103223903,5,150,3,3,True,0,saved per-variant post-timing record,"[0, 1, 2]",raw_results_json,True,same initial run,1.0178298886952266,0.9827816396904394,0.9899705489179821,/Users/simida/csdiy/wmhpc-training-camp-x-lcpu-ai-infra-seminars/experiments/mlc_gemm_b300/tuning/runs/20260918T092500Z/artifacts/results.json,5efd34dbcbefb9814488a09b45ed731901c5cea8b0b8bb526c684d4ee002277b
initial,20260918T092500Z,aligned296,full_late,4096,9472,4096,296,4,100.0,0.2439976539214452,1302.584573236611,57.89264769940493,0.2425796276330948,0.2524701863527298,1.6378286724178464,5,150,3,3,True,0,saved per-variant post-timing record,"[0, 1, 2]",raw_results_json,True,same initial run,0.8280298195589723,0.7995172010736825,0.8053655567533716,/Users/simida/csdiy/wmhpc-training-camp-x-lcpu-ai-infra-seminars/experiments/mlc_gemm_b300/tuning/runs/20260918T092500Z/artifacts/results.json,5efd34dbcbefb9814488a09b45ed731901c5cea8b0b8bb526c684d4ee002277b
initial,20260918T092500Z,aligned296,full_early,4096,9472,4096,296,4,100.0,0.2442801069219907,1301.078437817682,57.82570834745253,0.24297045350074767,0.24487168004115423,0.31309241492998585,5,150,3,3,True,0,saved per-variant post-timing record,"[0, 1, 2]",raw_results_json,True,same initial run,0.827072396091206,0.7985927458027376,0.8044343392223688,/Users/simida/csdiy/wmhpc-training-camp-x-lcpu-ai-infra-seminars/experiments/mlc_gemm_b300/tuning/runs/20260918T092500Z/artifacts/results.json,5efd34dbcbefb9814488a09b45ed731901c5cea8b0b8bb526c684d4ee002277b
initial,20260918T092500Z,aligned296,cublas,4096,9472,4096,296,4,100.0,0.1965073063969612,1617.3830160898021,71.8836896039912,0.18983616014321644,0.1994114132722219,2.106153633919735,5,150,3,3,True,0,saved per-variant post-timing record,"[0, 1, 2]",raw_results_json,True,same initial run,1.028141584421571,0.9927382595013557,1.0,/Users/simida/csdiy/wmhpc-training-camp-x-lcpu-ai-infra-seminars/experiments/mlc_gemm_b300/tuning/runs/20260918T092500Z/artifacts/results.json,5efd34dbcbefb9814488a09b45ed731901c5cea8b0b8bb526c684d4ee002277b
initial,20260918T092500Z,aligned148_k8192,original,2048,9472,8192,148,2,100.0,0.19630080024401347,1619.0844841636997,71.95931040727555,0.19092458754777908,0.20356437196334204,2.8413511329939283,5,150,3,3,True,0,saved per-variant post-timing record,"[0, 1, 2]",raw_results_json,True,same initial run,1.0,0.9825639022799627,0.9861458899888489,/Users/simida/csdiy/wmhpc-training-camp-x-lcpu-ai-infra-seminars/experiments/mlc_gemm_b300/tuning/runs/20260918T092500Z/artifacts/results.json,5efd34dbcbefb9814488a09b45ed731901c5cea8b0b8bb526c684d4ee002277b
initial,20260918T092500Z,aligned148_k8192,fenced,2048,9472,8192,148,2,100.0,0.19287808030843734,1647.815964342615,73.236265081894,0.18987413426240285,0.19476629396279652,1.0697729199298363,5,150,3,3,True,0,saved per-variant post-timing record,"[0, 1, 2]",raw_results_json,True,same initial run,1.0177455101694437,1.0,1.003645551908201,/Users/simida/csdiy/wmhpc-training-camp-x-lcpu-ai-infra-seminars/experiments/mlc_gemm_b300/tuning/runs/20260918T092500Z/artifacts/results.json,5efd34dbcbefb9814488a09b45ed731901c5cea8b0b8bb526c684d4ee002277b
initial,20260918T092500Z,aligned148_k8192,wide,2048,9472,8192,148,2,100.0,0.1918775475025177,1656.408391918964,73.61815075195396,0.19162048081556957,0.20418175886074702,2.8035541455666477,5,150,3,3,True,0,saved per-variant post-timing record,"[0, 1, 2]",raw_results_json,True,same initial run,1.023052476952457,1.0052144339915878,1.0088789953895771,/Users/simida/csdiy/wmhpc-training-camp-x-lcpu-ai-infra-seminars/experiments/mlc_gemm_b300/tuning/runs/20260918T092500Z/artifacts/results.json,5efd34dbcbefb9814488a09b45ed731901c5cea8b0b8bb526c684d4ee002277b
initial,20260918T092500Z,aligned148_k8192,full_late,2048,9472,8192,148,2,100.0,0.2446562120318413,1299.0783159130888,57.73681404058172,0.2438250669836998,0.2503001597523689,1.1289527733099403,5,150,3,3,True,0,saved per-variant post-timing record,"[0, 1, 2]",raw_results_json,True,same initial run,0.8023536317094024,0.7883637153808906,0.7912377362278538,/Users/simida/csdiy/wmhpc-training-camp-x-lcpu-ai-infra-seminars/experiments/mlc_gemm_b300/tuning/runs/20260918T092500Z/artifacts/results.json,5efd34dbcbefb9814488a09b45ed731901c5cea8b0b8bb526c684d4ee002277b
initial,20260918T092500Z,aligned148_k8192,full_early,2048,9472,8192,148,2,100.0,0.24648234496514002,1289.453733284428,57.309054812641236,0.24387050598859786,0.24748245239257813,0.6969038348436908,5,150,3,3,True,0,saved per-variant post-timing record,"[0, 1, 2]",raw_results_json,True,same initial run,0.7964091719095592,0.7825229037630101,0.7853756316280345,/Users/simida/csdiy/wmhpc-training-camp-x-lcpu-ai-infra-seminars/experiments/mlc_gemm_b300/tuning/runs/20260918T092500Z/artifacts/results.json,5efd34dbcbefb9814488a09b45ed731901c5cea8b0b8bb526c684d4ee002277b
initial,20260918T092500Z,aligned148_k8192,cublas,2048,9472,8192,148,2,100.0,0.1935812273621559,1641.8305857179082,72.97024825412926,0.1911722669005394,0.19905749301115672,1.7225434427071984,5,150,3,3,True,0,saved per-variant post-timing record,"[0, 1, 2]",raw_results_json,True,same initial run,1.0140487428399745,0.9963676898669358,1.0,/Users/simida/csdiy/wmhpc-training-camp-x-lcpu-ai-infra-seminars/experiments/mlc_gemm_b300/tuning/runs/20260918T092500Z/artifacts/results.json,5efd34dbcbefb9814488a09b45ed731901c5cea8b0b8bb526c684d4ee002277b
initial,20260918T092500Z,aligned148_k16384,original,2048,9472,16384,148,2,100.0,0.3912906656662623,1624.508876861785,72.20039452719045,0.38591082632541657,0.39665216048558555,1.1154247545277576,5,150,3,3,True,0,saved per-variant post-timing record,"[0, 1, 2]",raw_results_json,True,same initial run,1.0,0.9914713711348435,0.9898035914602425,/Users/simida/csdiy/wmhpc-training-camp-x-lcpu-ai-infra-seminars/experiments/mlc_gemm_b300/tuning/runs/20260918T092500Z/artifacts/results.json,5efd34dbcbefb9814488a09b45ed731901c5cea8b0b8bb526c684d4ee002277b
initial,20260918T092500Z,aligned148_k16384,fenced,2048,9472,16384,148,2,100.0,0.3879534928003947,1638.4828893267622,72.82146174785609,0.38048021256923675,0.3936876791715622,1.3480022809469854,5,150,3,3,True,0,saved per-variant post-timing record,"[0, 1, 2]",raw_results_json,True,same initial run,1.0086019920629625,1.0,0.9983178740978754,/Users/simida/csdiy/wmhpc-training-camp-x-lcpu-ai-infra-seminars/experiments/mlc_gemm_b300/tuning/runs/20260918T092500Z/artifacts/results.json,5efd34dbcbefb9814488a09b45ed731901c5cea8b0b8bb526c684d4ee002277b
initial,20260918T092500Z,aligned148_k16384,wide,2048,9472,16384,148,2,100.0,0.3908793610334396,1626.2182739129578,72.27636772946478,0.3886267713705699,0.39385898629824323,0.5490473855520719,5,150,3,3,True,0,saved per-variant post-timing record,"[0, 1, 2]",raw_results_json,True,same initial run,1.001052254669408,0.9925146515147045,0.9908451169111535,/Users/simida/csdiy/wmhpc-training-camp-x-lcpu-ai-infra-seminars/experiments/mlc_gemm_b300/tuning/runs/20260918T092500Z/artifacts/results.json,5efd34dbcbefb9814488a09b45ed731901c5cea8b0b8bb526c684d4ee002277b
initial,20260918T092500Z,aligned148_k16384,full_late,2048,9472,16384,148,2,100.0,0.474927999774615,1338.4242666460195,59.48552296204531,0.4741864550113678,0.48170218686262767,0.6918498197688145,5,150,3,3,True,0,saved per-variant post-timing record,"[0, 1, 2]",raw_results_json,True,same initial run,0.8238947079387946,0.816868015750818,0.8154939409029065,/Users/simida/csdiy/wmhpc-training-camp-x-lcpu-ai-infra-seminars/experiments/mlc_gemm_b300/tuning/runs/20260918T092500Z/artifacts/results.json,5efd34dbcbefb9814488a09b45ed731901c5cea8b0b8bb526c684d4ee002277b
initial,20260918T092500Z,aligned148_k16384,full_early,2048,9472,16384,148,2,100.0,0.47903701225916545,1326.9437299014007,58.9752768845067,0.4729177576303482,0.48096533278624215,0.708031196131757,5,150,3,3,True,0,saved per-variant post-timing record,"[0, 1, 2]",raw_results_json,True,same initial run,0.8168276263683959,0.8098612066962931,0.8084989181833834,/Users/simida/csdiy/wmhpc-training-camp-x-lcpu-ai-infra-seminars/experiments/mlc_gemm_b300/tuning/runs/20260918T092500Z/artifacts/results.json,5efd34dbcbefb9814488a09b45ed731901c5cea8b0b8bb526c684d4ee002277b
initial,20260918T092500Z,aligned148_k16384,cublas,2048,9472,16384,148,2,100.0,0.38730090618133545,1641.2436678120869,72.94416301387052,0.3856904542446136,0.3889672525723775,0.35394691359599767,5,150,3,3,True,0,saved per-variant post-timing record,"[0, 1, 2]",raw_results_json,True,same initial run,1.0103014462947288,1.0016849602173503,1.0,/Users/simida/csdiy/wmhpc-training-camp-x-lcpu-ai-infra-seminars/experiments/mlc_gemm_b300/tuning/runs/20260918T092500Z/artifacts/results.json,5efd34dbcbefb9814488a09b45ed731901c5cea8b0b8bb526c684d4ee002277b
initial,20260918T092500Z,aligned592,original,8192,9472,8192,592,8,100.0,0.8559372774759928,1485.2844397253832,66.01264176557258,0.848647038936615,0.8616281580924988,0.5407582322732486,5,150,3,3,True,0,saved per-variant post-timing record,"[0, 1, 2]",raw_results_json,True,same initial run,1.0,1.0065721995724894,1.0016661670713383,/Users/simida/csdiy/wmhpc-training-camp-x-lcpu-ai-infra-seminars/experiments/mlc_gemm_b300/tuning/runs/20260918T092500Z/artifacts/results.json,5efd34dbcbefb9814488a09b45ed731901c5cea8b0b8bb526c684d4ee002277b
initial,20260918T092500Z,aligned592,fenced,8192,9472,8192,592,8,100.0,0.8615626680850983,1475.586590168308,65.58162622970258,0.8548849042256673,0.8700138664245606,0.6892280809358136,5,150,3,3,True,0,saved per-variant post-timing record,"[0, 1, 2]",raw_results_json,True,same initial run,0.9934707122099331,1.0,0.9951260003969563,/Users/simida/csdiy/wmhpc-training-camp-x-lcpu-ai-infra-seminars/experiments/mlc_gemm_b300/tuning/runs/20260918T092500Z/artifacts/results.json,5efd34dbcbefb9814488a09b45ed731901c5cea8b0b8bb526c684d4ee002277b
initial,20260918T092500Z,aligned592,wide,8192,9472,8192,592,8,100.0,0.8592817072073619,1479.5035306264322,65.75571247228588,0.8513828257719676,0.8757126386960348,1.0718325816543477,5,150,3,3,True,0,saved per-variant post-timing record,"[0, 1, 2]",raw_results_json,True,same initial run,0.9961078774244615,1.002654497190624,0.9977675595693268,/Users/simida/csdiy/wmhpc-training-camp-x-lcpu-ai-infra-seminars/experiments/mlc_gemm_b300/tuning/runs/20260918T092500Z/artifacts/results.json,5efd34dbcbefb9814488a09b45ed731901c5cea8b0b8bb526c684d4ee002277b
initial,20260918T092500Z,aligned592,full_late,8192,9472,8192,592,8,100.0,0.9855138146877289,1289.9974619014638,57.333220528953944,0.9697395225365957,1.0004251738389334,1.1223050385710776,5,150,3,3,True,0,saved per-variant post-timing record,"[0, 1, 2]",raw_results_json,True,same initial run,0.8685188017858543,0.8742268806836504,0.8699658992142281,/Users/simida/csdiy/wmhpc-training-camp-x-lcpu-ai-infra-seminars/experiments/mlc_gemm_b300/tuning/runs/20260918T092500Z/artifacts/results.json,5efd34dbcbefb9814488a09b45ed731901c5cea8b0b8bb526c684d4ee002277b
initial,20260918T092500Z,aligned592,full_early,8192,9472,8192,592,8,100.0,0.9796302954355876,1297.7450019047424,57.67755564021078,0.9581934936841329,0.9836960009733836,1.039237604335379,5,150,3,3,True,0,saved per-variant post-timing record,"[0, 1, 2]",raw_results_json,True,same initial run,0.8737350013204774,0.879477362122625,0.8751907898087533,/Users/simida/csdiy/wmhpc-training-camp-x-lcpu-ai-infra-seminars/experiments/mlc_gemm_b300/tuning/runs/20260918T092500Z/artifacts/results.json,5efd34dbcbefb9814488a09b45ed731901c5cea8b0b8bb526c684d4ee002277b
initial,20260918T092500Z,aligned592,cublas,8192,9472,8192,592,8,100.0,0.8573634119828543,1482.813824158645,65.90283662927311,0.8481561573346456,0.860525229771932,0.5559750692218615,5,150,3,3,True,0,saved per-variant post-timing record,"[0, 1, 2]",raw_results_json,True,same initial run,0.9983366044235977,1.004897871828391,1.0,/Users/simida/csdiy/wmhpc-training-camp-x-lcpu-ai-infra-seminars/experiments/mlc_gemm_b300/tuning/runs/20260918T092500Z/artifacts/results.json,5efd34dbcbefb9814488a09b45ed731901c5cea8b0b8bb526c684d4ee002277b
refinement,20260918T093731Z,square128,release,4096,4096,4096,128,2,86.48648648648648,0.09585557520389557,1433.8128291406308,63.72501462847248,0.09550400172670682,0.09773269499341647,0.8669274102540189,7,150,3,3,True,,CASE_COMPLETE reached after mandatory checks,"[0, 1, 2]",console_recovery,False,historical initial run,1.0131152848227334,1.0132399192701371,0.9634071623934695,/Users/simida/csdiy/wmhpc-training-camp-x-lcpu-ai-infra-seminars/experiments/mlc_gemm_b300/tuning/refinement/runs/20260918T093731Z/artifacts/console_results.json,0ad082814b7d700bb498f682c2c6c50eb4a03dd4aebe7a43af41e023cd3a58c4
refinement,20260918T093731Z,square128,k128,4096,4096,4096,128,2,86.48648648648648,0.10317738508184751,1332.0647093641094,59.20287597173819,0.10239829177657764,0.10431445211172104,0.6057980341207738,7,150,3,3,True,,CASE_COMPLETE reached after mandatory checks,"[0, 1, 2]",console_recovery,False,historical initial run,0.9412212598478338,0.9413370498209622,0.8950405908574054,/Users/simida/csdiy/wmhpc-training-camp-x-lcpu-ai-infra-seminars/experiments/mlc_gemm_b300/tuning/refinement/runs/20260918T093731Z/artifacts/console_results.json,0ad082814b7d700bb498f682c2c6c50eb4a03dd4aebe7a43af41e023cd3a58c4
refinement,20260918T093731Z,aligned148,release,2048,9472,4096,148,2,100.0,0.10187498524785042,1559.890188601064,69.32845282671396,0.09987541208664576,0.1041559452811877,1.5203825741274308,7,150,3,3,True,,CASE_COMPLETE reached after mandatory checks,"[0, 1, 2]",console_recovery,False,historical initial run,0.9931817118009751,0.9943313541667895,0.9722912929640781,/Users/simida/csdiy/wmhpc-training-camp-x-lcpu-ai-infra-seminars/experiments/mlc_gemm_b300/tuning/refinement/runs/20260918T093731Z/artifacts/console_results.json,0ad082814b7d700bb498f682c2c6c50eb4a03dd4aebe7a43af41e023cd3a58c4
refinement,20260918T093731Z,aligned148,k128,2048,9472,4096,148,2,100.0,0.10587797189752261,1500.9145632843233,66.7073139237477,0.10514815866947175,0.10620266512036323,0.4135153069018117,7,150,3,3,True,,CASE_COMPLETE reached after mandatory checks,"[0, 1, 2]",console_recovery,False,historical initial run,0.9556319451990433,0.9567381224043547,0.9355313419036745,/Users/simida/csdiy/wmhpc-training-camp-x-lcpu-ai-infra-seminars/experiments/mlc_gemm_b300/tuning/refinement/runs/20260918T093731Z/artifacts/console_results.json,0ad082814b7d700bb498f682c2c6c50eb4a03dd4aebe7a43af41e023cd3a58c4
refinement,20260918T093731Z,aligned148_k8192,release,2048,9472,8192,148,2,100.0,0.196229547560215,1619.6723880559907,71.98543946915514,0.19033066769440968,0.20522218585014343,3.1664427426612702,7,150,3,3,True,,CASE_COMPLETE reached after mandatory checks,"[0, 1, 2]",console_recovery,False,historical initial run,1.0003631088420903,0.9829206799207992,0.9865039682810948,/Users/simida/csdiy/wmhpc-training-camp-x-lcpu-ai-infra-seminars/experiments/mlc_gemm_b300/tuning/refinement/runs/20260918T093731Z/artifacts/console_results.json,0ad082814b7d700bb498f682c2c6c50eb4a03dd4aebe7a43af41e023cd3a58c4
refinement,20260918T093731Z,aligned148_k8192,k128,2048,9472,8192,148,2,100.0,0.20911466638247173,1519.8722567009806,67.54987807559914,0.19925653328498205,0.2122984540462494,2.712403184404524,7,150,3,3,True,,CASE_COMPLETE reached after mandatory checks,"[0, 1, 2]",console_recovery,False,historical initial run,0.9387232547571693,0.9223555843551519,0.9257180795157377,/Users/simida/csdiy/wmhpc-training-camp-x-lcpu-ai-infra-seminars/experiments/mlc_gemm_b300/tuning/refinement/runs/20260918T093731Z/artifacts/console_results.json,0ad082814b7d700bb498f682c2c6c50eb4a03dd4aebe7a43af41e023cd3a58c4
refinement,20260918T093731Z,aligned592,release,8192,9472,8192,592,8,100.0,0.8548185606797536,1487.2282588307994,66.0990337258133,0.8267566919326782,0.8896115203698476,2.3244517809311507,7,150,3,3,True,,CASE_COMPLETE reached after mandatory checks,"[0, 1, 2]",console_recovery,False,historical initial run,1.0013087184201401,1.007889519151271,1.0029770660350157,/Users/simida/csdiy/wmhpc-training-camp-x-lcpu-ai-infra-seminars/experiments/mlc_gemm_b300/tuning/refinement/runs/20260918T093731Z/artifacts/console_results.json,0ad082814b7d700bb498f682c2c6c50eb4a03dd4aebe7a43af41e023cd3a58c4
refinement,20260918T093731Z,aligned592,k128,8192,9472,8192,592,8,100.0,0.8718702948093414,1458.1415689750127,64.806291954445,0.8548454407850902,0.8931505044301351,1.7928075340189027,7,150,3,3,True,,CASE_COMPLETE reached after mandatory checks,"[0, 1, 2]",console_recovery,False,historical initial run,0.9817254728963638,0.9881775686296352,0.9833611915523978,/Users/simida/csdiy/wmhpc-training-camp-x-lcpu-ai-infra-seminars/experiments/mlc_gemm_b300/tuning/refinement/runs/20260918T093731Z/artifacts/console_results.json,0ad082814b7d700bb498f682c2c6c50eb4a03dd4aebe7a43af41e023cd3a58c4
